0,"Information superhighway - Wikipedia, the free encyclopedia",https://en.wikipedia.org/wiki/Information_superhighway
1,Super information for temporary residents departing Australia ...,https://www.ato.gov.au/.../super/.../super-information-for-te...
2,Super | Australian Taxation Office,https://www.ato.gov.au/Super/
3,Locating your super - Australian Taxation Office,https://www.ato.gov.au/.../super/.../super-information-for-te...
4,SuperGuide - Simple independent superannuation information,www.superguide.com.au/
5,Superannuation | australia.gov.au,www.australia.gov.au/information-and.../superannuation
6,AustralianSuper - Award Winning Super,https://www.australiansuper.com/
7,Super Information Hijinks: Reality Check! by Rikki Simons — Kickstarter,https://www.kickstarter.com/.../super-information-hijinks-rea...
8,Super Information from | General - WAPOU,www.wapou.asn.au/General/super-information-from.html
9,"Shanghai Super Information Technology Co., LTD | APMG-International",www.apmg-international.com/.../ShanghaiSuperInfoTech.as...
0,"Information superhighway - Wikipedia, the free encyclopedia",https://en.wikipedia.org/wiki/Information_superhighway
1,Super information for temporary residents departing Australia ...,https://www.ato.gov.au/.../super/.../super-information-for-te...
2,Super | Australian Taxation Office,https://www.ato.gov.au/Super/
3,Locating your super - Australian Taxation Office,https://www.ato.gov.au/.../super/.../super-information-for-te...
4,SuperGuide - Simple independent superannuation information,www.superguide.com.au/
5,Superannuation | australia.gov.au,www.australia.gov.au/information-and.../superannuation
6,AustralianSuper - Award Winning Super,https://www.australiansuper.com/
7,Super Information Hijinks: Reality Check! by Rikki Simons — Kickstarter,https://www.kickstarter.com/.../super-information-hijinks-rea...
8,Super Information from | General - WAPOU,www.wapou.asn.au/General/super-information-from.html
9,"Shanghai Super Information Technology Co., LTD | APMG-International",www.apmg-international.com/.../ShanghaiSuperInfoTech.as...
